sum;cargo;mes
33919793740;"";junio
33306353924;"";julio
32690919199;"";agosto
2741319;ABOGADO/A;julio
2741319;ABOGADO/A;junio
2741319;ABOGADO/A;agosto
7621196;ACTUARIO/A;junio
7621196;ACTUARIO/A;julio
7621196;ACTUARIO/A;agosto
5385567;Administ. De Los Rec. Nat.- rec. Geo. Y Edaf.;julio
5385567;Administ. De Los Rec. Nat.- rec. Geo. Y Edaf.;agosto
5385567;Administ. De Los Rec. Nat.- rec. Geo. Y Edaf.;junio
36854966;ADMINISTRADOR;julio
36854966;ADMINISTRADOR;junio
36854966;ADMINISTRADOR;agosto
1211936;ADMINISTRADOR EDUCATIVO/ EDUCACIONAL;julio
1211936;ADMINISTRADOR EDUCATIVO/ EDUCACIONAL;junio
1211936;ADMINISTRADOR EDUCATIVO/ EDUCACIONAL;agosto
26763788;Agricultura y Pastura;junio
26763788;Agricultura y Pastura;julio
26830788;Agricultura y Pastura;agosto
8365265;Agroecología-metereología- biolog. Gral;junio
8867765;Agroecología-metereología- biolog. Gral;julio
8867765;Agroecología-metereología- biolog. Gral;agosto
402000;Antropología y Sociología I;junio
402000;Antropología y Sociología I;agosto
402000;Antropología y Sociología I;julio
47740812;APOYO ADMINISTRATIVO;agosto
47891562;APOYO ADMINISTRATIVO;julio
47891562;APOYO ADMINISTRATIVO;junio
2110500;Área Educación Artística y Sus Tec.;julio
2110500;Área Educación Artística y Sus Tec.;junio
2110500;Área Educación Artística y Sus Tec.;agosto
1742000;Artes Plasticas I;julio
1742000;Artes Plasticas I;junio
1742000;Artes Plasticas I;agosto
2814000;Artes Plasticas II;agosto
2814000;Artes Plasticas II;junio
2814000;Artes Plasticas II;julio
134000;Artes Plasticas III;julio
134000;Artes Plasticas III;agosto
134000;Artes Plasticas III;junio
129036772;ASESOR;junio
125636772;ASESOR;julio
118890332;ASESOR;agosto
6612632;ASESOR DEPARTAMENTAL;julio
6612632;ASESOR DEPARTAMENTAL;junio
6612632;ASESOR DEPARTAMENTAL;agosto
3316464;ASESOR ESPIRITUAL;junio
3316464;ASESOR ESPIRITUAL;agosto
3316464;ASESOR ESPIRITUAL;julio
7059752;ASESOR EXTERNO;julio
7059752;ASESOR EXTERNO;agosto
7059752;ASESOR EXTERNO;junio
50490195;ASESOR JURIDICO;julio
57642391;ASESOR JURIDICO;agosto
52659795;ASESOR JURIDICO;junio
12172402;ASESOR LEGAL;julio
12172402;ASESOR LEGAL;junio
12172402;ASESOR LEGAL;agosto
15192350;ASESOR TECNICO;agosto
15192350;ASESOR TECNICO;junio
15192350;ASESOR TECNICO;julio
176404006;Asistente;julio
173087542;Asistente;junio
175849193;Asistente;agosto
542229575;ASISTENTE ADMINISTRATIVO;agosto
556769114;ASISTENTE ADMINISTRATIVO;julio
561210043;ASISTENTE ADMINISTRATIVO;junio
9723639;ASISTENTE DE EVALUACION;agosto
9723639;ASISTENTE DE EVALUACION;junio
9723639;ASISTENTE DE EVALUACION;julio
11911273;ASISTENTE DE PRENSA;agosto
11911273;ASISTENTE DE PRENSA;julio
11911273;ASISTENTE DE PRENSA;junio
2727560;ASISTENTE FISCAL;agosto
15933892;ASISTENTE LEGAL;julio
13764292;ASISTENTE LEGAL;junio
15933892;ASISTENTE LEGAL;agosto
51170667;ASISTENTE TECNICO;junio
45348237;ASISTENTE TECNICO;agosto
51170667;ASISTENTE TECNICO;julio
31317688;ASISTENTE TECNICO ADM;julio
31317688;ASISTENTE TECNICO ADM;agosto
31317688;ASISTENTE TECNICO ADM;junio
25774032;ASISTENTE TECNICO EN AULA;julio
25774032;ASISTENTE TECNICO EN AULA;agosto
25774032;ASISTENTE TECNICO EN AULA;junio
24671924;AUDITOR;junio
24671924;AUDITOR;agosto
24671924;AUDITOR;julio
45360901;Auxiliar;julio
45360901;Auxiliar;agosto
58626757;Auxiliar;junio
1185830362;AUXILIAR ADMINISTRATIVO;agosto
1196896542;AUXILIAR ADMINISTRATIVO;junio
1191491808;AUXILIAR ADMINISTRATIVO;julio
96363638;AUXILIAR DE SERVICIOS;junio
94705406;AUXILIAR DE SERVICIOS;agosto
96363638;AUXILIAR DE SERVICIOS;julio
1986211039;AUXILIAR TECNICO ADMINIS.;junio
1961411399;AUXILIAR TECNICO ADMINIS.;agosto
1977448363;AUXILIAR TECNICO ADMINIS.;julio
1658232;AUXILIAR TECNICO INFORMATICO;julio
1658232;AUXILIAR TECNICO INFORMATICO;agosto
1658232;AUXILIAR TECNICO INFORMATICO;junio
4578212;AYUDANTE DE TALLER;junio
4578212;AYUDANTE DE TALLER;julio
4578212;AYUDANTE DE TALLER;agosto
203291667;Bibliotecario;agosto
190268175;Bibliotecario;julio
183635247;Bibliotecario;junio
59746639;Bibliotecario (Dinamizador/a de CRA);julio
61404871;Bibliotecario (Dinamizador/a de CRA);junio
64180279;Bibliotecario (Dinamizador/a de CRA);agosto
2705287416;BIBLIOTECARIO I;agosto
2757457140;BIBLIOTECARIO I;junio
2734241892;BIBLIOTECARIO I;julio
58038120;BIBLIOTECARIO II;junio
61354584;BIBLIOTECARIO II;julio
63012816;BIBLIOTECARIO II;agosto
138135756;BIBLIOTECARIO III;julio
136477524;BIBLIOTECARIO III;agosto
138135756;BIBLIOTECARIO III;junio
9949392;CAJERO;agosto
9949392;CAJERO;julio
9446250281;Catedrático;julio
9464027216;Catedrático;junio
9420044891;Catedrático;agosto
30193485;Catedrático de 3º Ciclo de la EEB;junio
30193485;Catedrático de 3º Ciclo de la EEB;agosto
30193485;Catedrático de 3º Ciclo de la EEB;julio
150750;Catedrático de Actividades de Refuerzo;julio
150750;Catedrático de Actividades de Refuerzo;agosto
150750;Catedrático de Actividades de Refuerzo;junio
195383684;Catedrático de Adm. de Empresas;junio
195601434;Catedrático de Adm. de Empresas;julio
195383684;Catedrático de Adm. de Empresas;agosto
2757492;Catedrático de Administración;julio
2757492;Catedrático de Administración;agosto
2757492;Catedrático de Administración;junio
150750;Catedrático de Administración de Empresa (Contabilidad);julio
150750;Catedrático de Administración de Empresa (Contabilidad);agosto
7809564;Catedrático de Administración de los Recursos Naturales;julio
7809564;Catedrático de Administración de los Recursos Naturales;agosto
7809564;Catedrático de Administración de los Recursos Naturales;junio
58496106;Catedrático de Administración Financiera;junio
58496106;Catedrático de Administración Financiera;agosto
58496106;Catedrático de Administración Financiera;julio
287594575;Catedrático de Administración Rural;junio
296790325;Catedrático de Administración Rural;agosto
296338075;Catedrático de Administración Rural;julio
8364679;Catedrático de Administración Turistica;junio
9214159;Catedrático de Administración Turistica;agosto
9214159;Catedrático de Administración Turistica;julio
533016;Catedrático de Administración y Legislación;agosto
533016;Catedrático de Administración y Legislación;junio
533016;Catedrático de Administración y Legislación;julio
52591486;Catedrático de Agricultura;julio
52591486;Catedrático de Agricultura;junio
52591486;Catedrático de Agricultura;agosto
13752652;Catedrático de Agroecología;junio
13752652;Catedrático de Agroecología;julio
13752652;Catedrático de Agroecología;agosto
135596201;Catedrático de Algoritmica;junio
135596201;Catedrático de Algoritmica;julio
135897701;Catedrático de Algoritmica;agosto
41948883;Catedrático de Análisis del Discurso;julio
41948883;Catedrático de Análisis del Discurso;junio
41948883;Catedrático de Análisis del Discurso;agosto
7030035;Catedrático de Análisis Industrial Inorgánica y Orgánica;julio
7030035;Catedrático de Análisis Industrial Inorgánica y Orgánica;agosto
6510785;Catedrático de Análisis Industrial Inorgánica y Orgánica;junio
4141939;Catedrático de Análisis Instrumental;junio
4524205;Catedrático de Análisis Instrumental;agosto
4524205;Catedrático de Análisis Instrumental;julio
5483061;Catedrático de Anatomía, Fisioterapia,Primeros Auxilios;junio
5483061;Catedrático de Anatomía, Fisioterapia,Primeros Auxilios;julio
5483061;Catedrático de Anatomía, Fisioterapia,Primeros Auxilios;agosto
15696369;Catedrático de Anatomía y Fisiología;agosto
15696369;Catedrático de Anatomía y Fisiología;junio
15696369;Catedrático de Anatomía y Fisiología;julio
11004750;Catedratico de Antropologia Cultural;agosto
9949500;Catedratico de Antropologia Cultural;julio
9045000;Catedratico de Antropologia Cultural;junio
2110500;Catedratico de Antropologia Social;julio
2713500;Catedratico de Antropologia Social;agosto
1206000;Catedratico de Antropologia Social;junio
460247279;Catedrático de Antropología Social y Cultural;agosto
460096529;Catedrático de Antropología Social y Cultural;julio
462207029;Catedrático de Antropología Social y Cultural;junio
251250;Catedrático de Antropología y Sociología;junio
251250;Catedrático de Antropología y Sociología;agosto
251250;Catedrático de Antropología y Sociología;julio
8014234;Catedrático de Arte Culinario;agosto
8014234;Catedrático de Arte Culinario;junio
8014234;Catedrático de Arte Culinario;julio
119103624;Catedrático de Arte Elemental;agosto
119103624;Catedrático de Arte Elemental;julio
119103624;Catedrático de Arte Elemental;junio
1060267480;Catedrático de Artes;agosto
1061925730;Catedrático de Artes;julio
1060753230;Catedrático de Artes;junio
1090947;Catedrático de Artesania;agosto
1090947;Catedrático de Artesania;junio
1090947;Catedrático de Artesania;julio
58993500;Catedrático de Artes Plásticas;agosto
57586500;Catedrático de Artes Plásticas;junio
58239750;Catedrático de Artes Plásticas;julio
217750;Catedrático de Atención Básica de Salud;agosto
87634998;Catedrático de Biología;julio
87182748;Catedrático de Biología;junio
87936498;Catedrático de Biología;agosto
9733723;Catedrático de Biología General;junio
9733723;Catedrático de Biología General;agosto
9733723;Catedrático de Biología General;julio
339288;Catedrático de Biomecánica;agosto
339288;Catedrático de Biomecánica;junio
339288;Catedrático de Biomecánica;julio
4079499;Catedrático de Bromatología y Microbiología;junio
4079499;Catedrático de Bromatología y Microbiología;julio
4079499;Catedrático de Bromatología y Microbiología;agosto
301500;Catedrático de Cálculo Mercantil y Financiero;agosto
301500;Catedrático de Cálculo Mercantil y Financiero;julio
2828703;Catedrático de Cálculos Mecánicos;julio
2828703;Catedrático de Cálculos Mecánicos;junio
2828703;Catedrático de Cálculos Mecánicos;agosto
208713460;Catedrático de Cálculos Mercantiles y Financieros;junio
208194210;Catedrático de Cálculos Mercantiles y Financieros;agosto
207892710;Catedrático de Cálculos Mercantiles y Financieros;julio
5006464;Catedrático de Carpintería;junio
5006464;Catedrático de Carpintería;agosto
5006464;Catedrático de Carpintería;julio
4100735387;Catedrático de Castellano;agosto
4101757137;Catedrático de Castellano;junio
4106028387;Catedrático de Castellano;julio
1373500;Catedrático de Ciencias Básicas;junio
1373500;Catedrático de Ciencias Básicas;julio
1373500;Catedrático de Ciencias Básicas;agosto
2428337835;Catedrático de Ciencias de la Naturaleza;agosto
2417517335;Catedrático de Ciencias de la Naturaleza;junio
2428019585;Catedrático de Ciencias de la Naturaleza;julio
1819693635;Catedrático de Ciencias de la Naturaleza y Salud;julio
1824525656;Catedrático de Ciencias de la Naturaleza y Salud;junio
1811486135;Catedrático de Ciencias de la Naturaleza y Salud;agosto
1296633;Catedrático de Ciencias Naturales;junio
1296633;Catedrático de Ciencias Naturales;julio
1296633;Catedrático de Ciencias Naturales;agosto
1535044302;Catedrático de Ciencias Naturales y Salud;julio
1533302302;Catedrático de Ciencias Naturales y Salud;junio
1535985750;Catedrático de Ciencias Naturales y Salud;agosto
17321650;Catedrático de Ciencias Sociales;julio
17321650;Catedrático de Ciencias Sociales;agosto
17321650;Catedrático de Ciencias Sociales;junio
226192;Catedrático de Ciencias y Tecnología;julio
226192;Catedrático de Ciencias y Tecnología;junio
226192;Catedrático de Ciencias y Tecnología;agosto
610368;Catedrático de Cocina;junio
610368;Catedrático de Cocina;julio
610368;Catedrático de Cocina;agosto
35827872;Catedrático de Computación;agosto
35827872;Catedrático de Computación;junio
35827872;Catedrático de Computación;julio
175210512;Catedrático de Comunicación;julio
175143512;Catedrático de Comunicación;junio
175210512;Catedrático de Comunicación;agosto
150750;Catedrático de Comunicación Escrita;julio
301500;Catedrático de Comunicación Escrita;agosto
40643099;Catedrático de Comunicación Oral;julio
40643099;Catedrático de Comunicación Oral;agosto
40650875;Catedrático de Comunicación Oral;junio
25373266;Catedrático de Comunicación Oral y Escrita;julio
25373266;Catedrático de Comunicación Oral y Escrita;agosto
25373266;Catedrático de Comunicación Oral y Escrita;junio
193771075;Catedrático de Contabilidad;julio
193184825;Catedrático de Contabilidad;agosto
194411730;Catedrático de Contabilidad;junio
175374485;Catedrático de Contabilidad y Gabinete de Gestión;julio
176843933;Catedrático de Contabilidad y Gabinete de Gestión;agosto
177446933;Catedrático de Contabilidad y Gabinete de Gestión;junio
27457940;Catedrático de Coordinación Pedagógica;junio
27273690;Catedrático de Coordinación Pedagógica;julio
27273690;Catedrático de Coordinación Pedagógica;agosto
2393236;Catedrático de Cotillón;agosto
2393236;Catedrático de Cotillón;julio
2393236;Catedrático de Cotillón;junio
723934;Catedrático de Dactilografía;junio
723934;Catedrático de Dactilografía;julio
723934;Catedrático de Dactilografía;agosto
30609725;Catedrático de Danza;agosto
31289309;Catedrático de Danza;junio
31289309;Catedrático de Danza;julio
4105976;Catedrático de Deportes, Gimnasia y Recreación;junio
4105976;Catedrático de Deportes, Gimnasia y Recreación;agosto
4105976;Catedrático de Deportes, Gimnasia y Recreación;julio
63487842;Catedrático de Dibujo Técnico;julio
63487842;Catedrático de Dibujo Técnico;junio
63755842;Catedrático de Dibujo Técnico;agosto
18781558;Catedrático de Didáctica;julio
18781558;Catedrático de Didáctica;agosto
18781558;Catedrático de Didáctica;junio
9093790;Catedrático de Diseño Gráfico;junio
8605339;Catedrático de Diseño Gráfico;agosto
9093790;Catedrático de Diseño Gráfico;julio
12684553;Catedrático de Diseño, Proyecto y Presupuesto;agosto
12684553;Catedrático de Diseño, Proyecto y Presupuesto;julio
12684553;Catedrático de Diseño, Proyecto y Presupuesto;junio
4333327;Catedrático de Diseño y Elaboración de Proyectos;julio
4333327;Catedrático de Diseño y Elaboración de Proyectos;junio
4333327;Catedrático de Diseño y Elaboración de Proyectos;agosto
1770142;Catedrático de Diseño y Mantenimiento Industrial;junio
1770142;Catedrático de Diseño y Mantenimiento Industrial;julio
1770142;Catedrático de Diseño y Mantenimiento Industrial;agosto
5305318;Catedrático de Diseño y Proyecto;agosto
4923052;Catedrático de Diseño y Proyecto;julio
4923052;Catedrático de Diseño y Proyecto;junio
1122792;Catedrático de Diseño y Proyecto Mecánico;julio
1122792;Catedrático de Diseño y Proyecto Mecánico;junio
1122792;Catedrático de Diseño y Proyecto Mecánico;agosto
72226213;Catedrático de Economía;julio
72226213;Catedrático de Economía;junio
72443963;Catedrático de Economía;agosto
11091494;Catedrático de Economía Agropecuaria;agosto
11091494;Catedrático de Economía Agropecuaria;junio
11091494;Catedrático de Economía Agropecuaria;julio
5085279;Catedrático de Economía Ambiental;julio
5085279;Catedrático de Economía Ambiental;junio
5085279;Catedrático de Economía Ambiental;agosto
1618542;Catedrático de Economía, Gestión y Legis. Deportiva;julio
1618542;Catedrático de Economía, Gestión y Legis. Deportiva;agosto
1618542;Catedrático de Economía, Gestión y Legis. Deportiva;junio
857966449;Catedrático de Economía y Gestión;julio
857926066;Catedrático de Economía y Gestión;junio
857849199;Catedrático de Economía y Gestión;agosto
8653380;Catedrático de Ecoturismo;junio
8653380;Catedrático de Ecoturismo;julio
8653380;Catedrático de Ecoturismo;agosto
15141306;Catedrático de Educación Ambiental;junio
15141306;Catedrático de Educación Ambiental;julio
15141306;Catedrático de Educación Ambiental;agosto
72661500;Catedrático de Educación Ambiental y Salud;junio
72661500;Catedrático de Educación Ambiental y Salud;julio
72661500;Catedrático de Educación Ambiental y Salud;agosto
3963703224;Catedrático de Educación Artística;agosto
3968694724;Catedrático de Educación Artística;julio
3967974474;Catedrático de Educación Artística;junio
335000;Catedrático de Educación Bilingue;junio
335000;Catedrático de Educación Bilingue;agosto
335000;Catedrático de Educación Bilingue;julio
6197500;Catedratico de Educación Económica y Financiera;julio
4874250;Catedratico de Educación Económica y Financiera;junio
6566000;Catedratico de Educación Económica y Financiera;agosto
2366077147;Catedrático de Educación Etica y Ciudadana;agosto
2358757397;Catedrático de Educación Etica y Ciudadana;junio
2362542897;Catedrático de Educación Etica y Ciudadana;julio
3482785861;Catedrático de Educación Física;junio
3485302260;Catedrático de Educación Física;julio
3483749602;Catedrático de Educación Física;agosto
84233964;Catedrático de Educación para el Arte;agosto
84083214;Catedrático de Educación para el Arte;junio
84233964;Catedrático de Educación para el Arte;julio
54253752;Catedrático de Educación para la Salud;julio
54773002;Catedrático de Educación para la Salud;junio
54253752;Catedrático de Educación para la Salud;agosto
25024500;Catedrático de Educ. Artística - Artes Plásticas;junio
28793250;Catedrático de Educ. Artística - Artes Plásticas;julio
29547000;Catedrático de Educ. Artística - Artes Plásticas;agosto
2479000;Catedrático de Educ. Artística - Danza;julio
2479000;Catedrático de Educ. Artística - Danza;agosto
2110500;Catedrático de Educ. Artística - Danza;junio
32863500;Catedrático de Educ. Artística - Música;agosto
32260500;Catedrático de Educ. Artística - Música;julio
28944000;Catedrático de Educ. Artística - Música;junio
1809000;Catedrático de Educ. Artística - Teatro;agosto
1809000;Catedrático de Educ. Artística - Teatro;julio
1507500;Catedrático de Educ. Artística - Teatro;junio
8894250;Catedrático de Educ. para la Seguridad Vial;julio
9346500;Catedrático de Educ. para la Seguridad Vial;agosto
7688250;Catedrático de Educ. para la Seguridad Vial;junio
2960307;Catedrático de Electricidad y Electrónica del Automovil;julio
2960307;Catedrático de Electricidad y Electrónica del Automovil;agosto
2960307;Catedrático de Electricidad y Electrónica del Automovil;junio
2336070;Catedrático de Electrónica;junio
2336070;Catedrático de Electrónica;julio
2336070;Catedrático de Electrónica;agosto
2187411;Catedrático de Electrónica Analógica;agosto
2187411;Catedrático de Electrónica Analógica;junio
2187411;Catedrático de Electrónica Analógica;julio
2614641;Catedrático de Electrónica Digital;junio
2614641;Catedrático de Electrónica Digital;julio
2614641;Catedrático de Electrónica Digital;agosto
2787035;Catedrático de Electrónica I;agosto
2787035;Catedrático de Electrónica I;julio
2787035;Catedrático de Electrónica I;junio
2608304;Catedrático de Electrónica II;junio
2884385;Catedrático de Electrónica II;agosto
2608304;Catedrático de Electrónica II;julio
3766167;Catedrático de Electrónica III;junio
3766167;Catedrático de Electrónica III;agosto
3766167;Catedrático de Electrónica III;julio
5859128;Catedrático de Electrónica Industrial;agosto
5859128;Catedrático de Electrónica Industrial;julio
5859128;Catedrático de Electrónica Industrial;junio
14283871;Catedrático de Electrotecnia;junio
14283871;Catedrático de Electrotecnia;julio
14434621;Catedrático de Electrotecnia;agosto
4313985;Catedrático de Electrotecnia I;agosto
4313985;Catedrático de Electrotecnia I;junio
4313985;Catedrático de Electrotecnia I;julio
6267679;Catedrático de Electrotecnia II;agosto
6267679;Catedrático de Electrotecnia II;junio
6267679;Catedrático de Electrotecnia II;julio
6110871;Catedrático de Electrotecnia III;agosto
6110871;Catedrático de Electrotecnia III;julio
6110871;Catedrático de Electrotecnia III;junio
191133;Catedrático de Elementos de Tecnología;junio
191133;Catedrático de Elementos de Tecnología;julio
191133;Catedrático de Elementos de Tecnología;agosto
44730975;Catedrático de Enfermería;julio
44730975;Catedrático de Enfermería;agosto
45062618;Catedrático de Enfermería;junio
936462;Catedrático de Entrenamiento Operacional;junio
936462;Catedrático de Entrenamiento Operacional;julio
936462;Catedrático de Entrenamiento Operacional;agosto
1359168;Catedrático de Entrenamiento Operacional, Taller y Calidad;agosto
1359168;Catedrático de Entrenamiento Operacional, Taller y Calidad;julio
1359168;Catedrático de Entrenamiento Operacional, Taller y Calidad;junio
29346254;Catedrático de Equipos e Implementos Agropecuarios;julio
29688137;Catedrático de Equipos e Implementos Agropecuarios;agosto
28963988;Catedrático de Equipos e Implementos Agropecuarios;junio
9264570;Catedrático de Escultura y Tallado;junio
9264570;Catedrático de Escultura y Tallado;agosto
9264570;Catedrático de Escultura y Tallado;julio
9735204;Catedrático de Estabilidad y Resistencia de Materiales;junio
9735204;Catedrático de Estabilidad y Resistencia de Materiales;julio
9735204;Catedrático de Estabilidad y Resistencia de Materiales;agosto
224230587;Catedrático de Estadística;junio
225252337;Catedrático de Estadística;julio
225936103;Catedrático de Estadística;agosto
2986854;Catedrático de Estudios Sociales;junio
2986854;Catedrático de Estudios Sociales;julio
2986854;Catedrático de Estudios Sociales;agosto
2412000;Catedrático de Etica;julio
2412000;Catedrático de Etica;agosto
2412000;Catedrático de Etica;junio
10193092;Catedrático de Evaluación;julio
10193092;Catedrático de Evaluación;agosto
10193092;Catedrático de Evaluación;junio
5845914;Catedrático de Evaluación del Impacto Ambiental;agosto
5845914;Catedrático de Evaluación del Impacto Ambiental;junio
5845914;Catedrático de Evaluación del Impacto Ambiental;julio
14296832;Catedrático de Farmacología;agosto
14296832;Catedrático de Farmacología;julio
14514582;Catedrático de Farmacología;junio
489632273;Catedrático de Filosofia;agosto
488711023;Catedrático de Filosofia;junio
489263773;Catedrático de Filosofia;julio
301500;Catedrático de Filosofía y Antropología Social y Cultural;julio
301500;Catedrático de Filosofía y Antropología Social y Cultural;junio
301500;Catedrático de Filosofía y Antropología Social y Cultural;agosto
1808608562;Catedrático de Física;agosto
1813770993;Catedrático de Física;julio
1815120860;Catedrático de Física;junio
4756472;Catedrático de Fisico Química;julio
4756472;Catedrático de Fisico Química;agosto
4756472;Catedrático de Fisico Química;junio
780798926;Catedrático de Formación Ética y Ciudadana;agosto
780071793;Catedrático de Formación Ética y Ciudadana;julio
779964410;Catedrático de Formación Ética y Ciudadana;junio
1161495;Catedrático de Fotografía;junio
1161495;Catedrático de Fotografía;agosto
1161495;Catedrático de Fotografía;julio
7604500;Catedrático de Fruticultura;junio
7671500;Catedrático de Fruticultura;julio
7671500;Catedrático de Fruticultura;agosto
57589104;Catedrático de Fruticultura - Silvicultura;junio
57589104;Catedrático de Fruticultura - Silvicultura;julio
57589104;Catedrático de Fruticultura - Silvicultura;agosto
904768;Catedrático de Fundamentos;julio
904768;Catedrático de Fundamentos;agosto
904768;Catedrático de Fundamentos;junio
37268092;Catedrático de Gabinete de Informática - Hardware;julio
37268092;Catedrático de Gabinete de Informática - Hardware;junio
37268092;Catedrático de Gabinete de Informática - Hardware;agosto
286553837;Catedrático de Gabinete de Informática - Laboratorio;junio
286654337;Catedrático de Gabinete de Informática - Laboratorio;julio
286654337;Catedrático de Gabinete de Informática - Laboratorio;agosto
44239175;Catedrático de Gabinete de Informática - Software;agosto
44048042;Catedrático de Gabinete de Informática - Software;junio
44239175;Catedrático de Gabinete de Informática - Software;julio
62355273;Catedrático de Ganado Mayor;junio
62355273;Catedrático de Ganado Mayor;julio
62422273;Catedrático de Ganado Mayor;agosto
75332378;Catedrático de Ganado Menor;agosto
75332378;Catedrático de Ganado Menor;julio
75332378;Catedrático de Ganado Menor;junio
8781324;Catedrático de Gastronomía;agosto
8122977;Catedrático de Gastronomía;julio
7846896;Catedrático de Gastronomía;junio
83457365;Catedrático de Geología;julio
83608115;Catedrático de Geología;agosto
83005115;Catedrático de Geología;junio
47704000;Catedrático de Geología, Educación Ambiental y Salud;agosto
47921750;Catedrático de Geología, Educación Ambiental y Salud;julio
47988750;Catedrático de Geología, Educación Ambiental y Salud;junio
787860;Catedrático de Gestión Cultural;julio
787860;Catedrático de Gestión Cultural;junio
787860;Catedrático de Gestión Cultural;agosto
7926793;Catedrático de Gráfica Computarizada;junio
7926793;Catedrático de Gráfica Computarizada;julio
7926793;Catedrático de Gráfica Computarizada;agosto
1490851896;Catedrático de Guaraní Ñe'e;junio
1495275726;Catedrático de Guaraní Ñe'e;julio
1494994287;Catedrático de Guaraní Ñe'e;agosto
1088750;Catedrático de Historia;junio
1088750;Catedrático de Historia;agosto
1088750;Catedrático de Historia;julio
191133;Catedrático de Historia del Diseño;junio
191133;Catedrático de Historia del Diseño;agosto
191133;Catedrático de Historia del Diseño;julio
4348616798;Catedrático de Historia y Geografía;julio
4352894931;Catedrático de Historia y Geografía;agosto
4343001649;Catedrático de Historia y Geografía;junio
54638334;Catedrático de Horticultura;julio
54638334;Catedrático de Horticultura;junio
54638334;Catedrático de Horticultura;agosto
6807517;Catedrático de Hotelería;junio
7083598;Catedrático de Hotelería;julio
7359679;Catedrático de Hotelería;agosto
5908624;Catedrático de Ilustración;agosto
5908624;Catedrático de Ilustración;julio
5908624;Catedrático de Ilustración;junio
1322074;Catedrático de Industria Gráfica;agosto
1322074;Catedrático de Industria Gráfica;julio
1322074;Catedrático de Industria Gráfica;junio
3378740;Catedrático de Industrias Alimentarias Orgánicas;junio
3378740;Catedrático de Industrias Alimentarias Orgánicas;julio
3378740;Catedrático de Industrias Alimentarias Orgánicas;agosto
236003033;Catedrático de Informática;agosto
236614702;Catedrático de Informática;junio
236890783;Catedrático de Informática;julio
104319000;Catedrático de Ingeniería Rural;junio
104319000;Catedrático de Ingeniería Rural;agosto
104319000;Catedrático de Ingeniería Rural;julio
9054765;Catedrático de Instalaciones;julio
9054765;Catedrático de Instalaciones;junio
9054765;Catedrático de Instalaciones;agosto
1102686;Catedrático de Instalaciones Neumáticas e Hidráulicas;agosto
1102686;Catedrático de Instalaciones Neumáticas e Hidráulicas;junio
1102686;Catedrático de Instalaciones Neumáticas e Hidráulicas;julio
2909140;Catedrático de Instalación Industrial;julio
2909140;Catedrático de Instalación Industrial;agosto
2909140;Catedrático de Instalación Industrial;junio
45785787;Catedrático de Introducción a la Economía;junio
46061868;Catedrático de Introducción a la Economía;agosto
46061868;Catedrático de Introducción a la Economía;julio
709245;Catedrático de Introducción a la E.I.A.;junio
709245;Catedrático de Introducción a la E.I.A.;agosto
709245;Catedrático de Introducción a la E.I.A.;julio
250587613;Catedrático de Investigación Social;julio
250487113;Catedrático de Investigación Social;junio
250403363;Catedrático de Investigación Social;agosto
33041802;Catedrático de Laboratorio;julio
33041802;Catedrático de Laboratorio;junio
33041802;Catedrático de Laboratorio;agosto
2334180;Catedrático de Laboratorio de Electrónica;junio
2334180;Catedrático de Laboratorio de Electrónica;agosto
2334180;Catedrático de Laboratorio de Electrónica;julio
6085435;Catedrático de Laboratorio de La Electrotecnia;julio
6085435;Catedrático de Laboratorio de La Electrotecnia;agosto
6085435;Catedrático de Laboratorio de La Electrotecnia;junio
8461004;Catedrático de Laboratorio de Mecánica;junio
8461004;Catedrático de Laboratorio de Mecánica;julio
8461004;Catedrático de Laboratorio de Mecánica;agosto
1465353;Catedrático de Laboratorio Diesel;agosto
1465353;Catedrático de Laboratorio Diesel;junio
1465353;Catedrático de Laboratorio Diesel;julio
8986892;Catedrático de Legislación Ambiental;julio
8986892;Catedrático de Legislación Ambiental;agosto
8986892;Catedrático de Legislación Ambiental;junio
91634362;Catedrático de Legislación Aplicada;agosto
91768362;Catedrático de Legislación Aplicada;julio
91768362;Catedrático de Legislación Aplicada;junio
33419062;Catedrático de Lengua Castellana y Literatura;junio
35308240;Catedrático de Lengua Castellana y Literatura;julio
35676740;Catedrático de Lengua Castellana y Literatura;agosto
1611508926;Catedrático de Lengua Extranjera;julio
1610332527;Catedrático de Lengua Extranjera;junio
1614893341;Catedrático de Lengua Extranjera;agosto
11222410;Catedrático de Lengua Extranjera (Inglés);junio
11222410;Catedrático de Lengua Extranjera (Inglés);agosto
11222410;Catedrático de Lengua Extranjera (Inglés);julio
4103320210;Catedrático de Lengua Guaraní;julio
4102033444;Catedrático de Lengua Guaraní;agosto
4092348960;Catedrático de Lengua Guaraní;junio
971500;Catedrático de Lengua y Literatura;julio
971500;Catedrático de Lengua y Literatura;junio
971500;Catedrático de Lengua y Literatura;agosto
2728865740;Catedrático de Lengua y Literatura Castellana;julio
2730557490;Catedrático de Lengua y Literatura Castellana;agosto
2725586011;Catedrático de Lengua y Literatura Castellana;junio
9011500;Catedrático de Lengua y Literatura Guaraní;agosto
9011500;Catedrático de Lengua y Literatura Guaraní;julio
8174000;Catedrático de Lengua y Literatura Guaraní;junio
1187508;Catedrático de Linguística;junio
1187508;Catedrático de Linguística;agosto
1187508;Catedrático de Linguística;julio
1935489;Catedrático de Literatura;junio
1935489;Catedrático de Literatura;julio
2236989;Catedrático de Literatura;agosto
140853568;Catedrático de Lógica Matemática I;junio
140702818;Catedrático de Lógica Matemática I;agosto
140853568;Catedrático de Lógica Matemática I;julio
137852482;Catedrático de Lógico Matemática;agosto
137718482;Catedrático de Lógico Matemática;julio
137718482;Catedrático de Lógico Matemática;junio
206446433;Catedrático de Manejo y Conservación de Recursos Naturales y Agroecología;agosto
197032933;Catedrático de Manejo y Conservación de Recursos Naturales y Agroecología;junio
205843433;Catedrático de Manejo y Conservación de Recursos Naturales y Agroecología;julio
7062693;Catedrático de Mantenimiento Mecánico;julio
7062693;Catedrático de Mantenimiento Mecánico;agosto
7062693;Catedrático de Mantenimiento Mecánico;junio
20075495;Catedrático de Maquinarias Agrícolas;julio
20075495;Catedrático de Maquinarias Agrícolas;junio
20075495;Catedrático de Maquinarias Agrícolas;agosto
2330085;Catedrático de Márketing;agosto
2330085;Catedrático de Márketing;julio
2330085;Catedrático de Márketing;junio
7769325016;Catedrático de Matemática;agosto
7759851271;Catedrático de Matemática;junio
7776940864;Catedrático de Matemática;julio
97723349;Catedrático de Matemática Aplicada a la Informática;junio
97790349;Catedrático de Matemática Aplicada a la Informática;agosto
97240956;Catedrático de Matemática Aplicada a la Informática;julio
10991105;Catedrático de Materiales y Tecnología de la Construcción;junio
10991105;Catedrático de Materiales y Tecnología de la Construcción;julio
11267186;Catedrático de Materiales y Tecnología de la Construcción;agosto
19553794;Catedrático de Mecánica Aplicada;julio
19553794;Catedrático de Mecánica Aplicada;junio
19553794;Catedrático de Mecánica Aplicada;agosto
3633256;Catedrático de Mecánica Automotriz;junio
3633256;Catedrático de Mecánica Automotriz;agosto
3633256;Catedrático de Mecánica Automotriz;julio
166890528;Catedrático de Medio Natural;julio
166890528;Catedrático de Medio Natural;agosto
167962528;Catedrático de Medio Natural;junio
168957232;Catedrático de Medio Social;julio
168622232;Catedrático de Medio Social;junio
168957232;Catedrático de Medio Social;agosto
74633495;Catedrático de Mercadotecnia;agosto
73845926;Catedrático de Mercadotecnia;julio
74633495;Catedrático de Mercadotecnia;junio
10328488;Catedrático de Mercadotecnia y Gabinete;agosto
10328488;Catedrático de Mercadotecnia y Gabinete;julio
10328488;Catedrático de Mercadotecnia y Gabinete;junio
9484886;Catedrático de Meteorología;julio
9484886;Catedrático de Meteorología;agosto
9484886;Catedrático de Meteorología;junio
20966903;Catedrático de Metodología de la Investigación;agosto
20966903;Catedrático de Metodología de la Investigación;julio
20966903;Catedrático de Metodología de la Investigación;junio
3852261;Catedrático de Metodología de la Investigación - Sociología Rural y Urbana;agosto
3852261;Catedrático de Metodología de la Investigación - Sociología Rural y Urbana;junio
3852261;Catedrático de Metodología de la Investigación - Sociología Rural y Urbana;julio
4388974;Catedrático de Microbiología Industrial;julio
4388974;Catedrático de Microbiología Industrial;agosto
4388974;Catedrático de Microbiología Industrial;junio
254553;Catedrático de Modelaje;agosto
254553;Catedrático de Modelaje;junio
254553;Catedrático de Modelaje;julio
955665;Catedrático de Modelaje e Informática;julio
955665;Catedrático de Modelaje e Informática;agosto
955665;Catedrático de Modelaje e Informática;junio
56765884;Catedrático de Música;junio
57218134;Catedrático de Música;julio
57821134;Catedrático de Música;agosto
26878567;Catedrático de Nutrición;julio
26878567;Catedrático de Nutrición;junio
26878567;Catedrático de Nutrición;agosto
4604873;Catedrático de Nutrición del Deportista;julio
4604873;Catedrático de Nutrición del Deportista;junio
4604873;Catedrático de Nutrición del Deportista;agosto
3701393;Catedrático de Operaciones Unitarias;junio
3701393;Catedrático de Operaciones Unitarias;julio
3701393;Catedrático de Operaciones Unitarias;agosto
5021151;Catedrático de Orientación;junio
5021151;Catedrático de Orientación;julio
5322651;Catedrático de Orientación;agosto
1485127989;Catedrático de Orientación Educacional, SocioLaboral;julio
1486118085;Catedrático de Orientación Educacional, SocioLaboral;junio
1481083218;Catedrático de Orientación Educacional, SocioLaboral;agosto
44157161;Catedrático de Pasantía;agosto
44157161;Catedrático de Pasantía;junio
44157161;Catedrático de Pasantía;julio
7694148;Catedrático de Pasantía Laboral;junio
7694148;Catedrático de Pasantía Laboral;agosto
7694148;Catedrático de Pasantía Laboral;julio
8966706;Catedrático de Pastura;julio
8966706;Catedrático de Pastura;agosto
8966706;Catedrático de Pastura;junio
21939511;Catedrático de PatologÍa;julio
21939511;Catedrático de PatologÍa;junio
21939511;Catedrático de PatologÍa;agosto
33532146;Catedrático de Peluquería;agosto
33532146;Catedrático de Peluquería;julio
33532146;Catedrático de Peluquería;junio
4212130;Catedrático de Periodismo Deportivo;agosto
4212130;Catedrático de Periodismo Deportivo;julio
3659968;Catedrático de Periodismo Deportivo;junio
301500;Catedrático de Planeamiento, Tizado y Corte;agosto
301500;Catedrático de Planeamiento, Tizado y Corte;junio
301500;Catedrático de Planeamiento, Tizado y Corte;julio
1040613;Catedrático de Planeamiento, Tizado y Corte - Metodos y Tiempo;agosto
658347;Catedrático de Planeamiento, Tizado y Corte - Metodos y Tiempo;junio
658347;Catedrático de Planeamiento, Tizado y Corte - Metodos y Tiempo;julio
724763109;Catedrático de Plan Optativo;junio
724518132;Catedrático de Plan Optativo;agosto
724612359;Catedrático de Plan Optativo;julio
259576378;Catedrático de Política;agosto
258671878;Catedrático de Política;junio
259425628;Catedrático de Política;julio
77475541;Catedrático de Práctica;agosto
77475541;Catedrático de Práctica;junio
77475541;Catedrático de Práctica;julio
459198;Catedrático de Práctica Comunitaria;agosto
6344542;Catedrático de Práctica de la Educación Física;agosto
6344542;Catedrático de Práctica de la Educación Física;junio
6344542;Catedrático de Práctica de la Educación Física;julio
424110;Catedrático de Práctica Educacional;julio
424110;Catedrático de Práctica Educacional;junio
424110;Catedrático de Práctica Educacional;agosto
312169750;Catedrático de Producción Animal;agosto
298602250;Catedrático de Producción Animal;junio
311516500;Catedrático de Producción Animal;julio
349974482;Catedrático de Producción Vegetal;junio
363474982;Catedrático de Producción Vegetal;agosto
362603982;Catedrático de Producción Vegetal;julio
13688505;Catedrático de Proyecto;junio
13688505;Catedrático de Proyecto;agosto
13889505;Catedrático de Proyecto;julio
787250;Catedrático de Proyecto Educativo Comunitario E.E.B. 3er. Ciclo - Área: Desarrollo Personal y Social;agosto
586250;Catedrático de Proyecto Educativo Comunitario E.E.B. 3er. Ciclo - Área: Desarrollo Personal y Social;julio
586250;Catedrático de Proyecto Educativo Comunitario E.E.B. 3er. Ciclo - Área: Desarrollo Personal y Social;junio
2791461166;Catedrático de Proyecto Educativo Comunitario- Institucional;junio
2797306916;Catedrático de Proyecto Educativo Comunitario- Institucional;agosto
2799166166;Catedrático de Proyecto Educativo Comunitario- Institucional;julio
2356629;Catedrático de Proyecto Industrial;julio
2356629;Catedrático de Proyecto Industrial;agosto
2356629;Catedrático de Proyecto Industrial;junio
843112594;Catedrático de Psicología;junio
844378711;Catedrático de Psicología;julio
846042285;Catedrático de Psicología;agosto
339288;Catedrático de Psicomotricidad;junio
339288;Catedrático de Psicomotricidad;julio
339288;Catedrático de Psicomotricidad;agosto
9170488;Catedrático de Publicidad;junio
9170488;Catedrático de Publicidad;julio
8427193;Catedrático de Publicidad;agosto
1816715201;Catedrático de Química;agosto
1818993544;Catedrático de Química;junio
1817365810;Catedrático de Química;julio
11248994;Catedrático de Química Analítica (Cualitativa y Cuantitativa);junio
11248994;Catedrático de Química Analítica (Cualitativa y Cuantitativa);agosto
11248994;Catedrático de Química Analítica (Cualitativa y Cuantitativa);julio
7683786;Catedrático de Química (Inorgánica y Orgánica);junio
7683786;Catedrático de Química (Inorgánica y Orgánica);julio
7683786;Catedrático de Química (Inorgánica y Orgánica);agosto
2824017;Catedrático de Química Práctica;julio
2824017;Catedrático de Química Práctica;junio
2824017;Catedrático de Química Práctica;agosto
3106258;Catedrático de Recursos Geológicos y Edafológicos;junio
3106258;Catedrático de Recursos Geológicos y Edafológicos;agosto
3106258;Catedrático de Recursos Geológicos y Edafológicos;julio
1444631;Catedrático de Recursos Naturales del Paraguay;agosto
1444631;Catedrático de Recursos Naturales del Paraguay;junio
1444631;Catedrático de Recursos Naturales del Paraguay;julio
2043500;Catedrático de Redacción;agosto
2043500;Catedrático de Redacción;junio
2043500;Catedrático de Redacción;julio
15901781;Catedrático de Redacción Comercial;agosto
16052531;Catedrático de Redacción Comercial;junio
15901781;Catedrático de Redacción Comercial;julio
6007958;Catedrático de Refrigeración y Calefacción;agosto
6007958;Catedrático de Refrigeración y Calefacción;julio
6007958;Catedrático de Refrigeración y Calefacción;junio
4974696;Catedrático de Religión;agosto
4974696;Catedrático de Religión;junio
4974696;Catedrático de Religión;julio
1342298570;Catedrático de Salud;julio
1345162820;Catedrático de Salud;agosto
1335682320;Catedrático de Salud;junio
30735040;Catedrático de Salud Comunitaria;junio
30517290;Catedrático de Salud Comunitaria;julio
30517290;Catedrático de Salud Comunitaria;agosto
32993184;Catedrático de Salud Pública;julio
33210934;Catedrático de Salud Pública;junio
32993184;Catedrático de Salud Pública;agosto
467214;Catedrático de Saneamiento;junio
467214;Catedrático de Saneamiento;agosto
467214;Catedrático de Saneamiento;julio
3342633;Catedrático de Seguridad e Higiene;julio
3342633;Catedrático de Seguridad e Higiene;agosto
3342633;Catedrático de Seguridad e Higiene;junio
955665;Catedrático de Seguridad e Higiene Industrial;agosto
955665;Catedrático de Seguridad e Higiene Industrial;junio
955665;Catedrático de Seguridad e Higiene Industrial;julio
382266;Catedrático de Seguridad y Prevención De Riesgo;agosto
382266;Catedrático de Seguridad y Prevención De Riesgo;julio
382266;Catedrático de Seguridad y Prevención De Riesgo;junio
2408438;Catedrático de Seminario;julio
2408438;Catedrático de Seminario;agosto
2408438;Catedrático de Seminario;junio
278147887;Catedrático de Seminario Contable;agosto
279516787;Catedrático de Seminario Contable;junio
279303619;Catedrático de Seminario Contable;julio
364429853;Catedrático de Sociología;agosto
364714603;Catedrático de Sociología;julio
364999353;Catedrático de Sociología;junio
8539455;Catedrático de Sociología Rural y Urbana;agosto
8539455;Catedrático de Sociología Rural y Urbana;julio
8539455;Catedrático de Sociología Rural y Urbana;junio
360505319;Catedrático de Sociología y Antropología Cultural;julio
362012819;Catedrático de Sociología y Antropología Cultural;junio
359560436;Catedrático de Sociología y Antropología Cultural;agosto
424110;Catedrático de Sujeto de Aprendizaje;julio
424110;Catedrático de Sujeto de Aprendizaje;agosto
424110;Catedrático de Sujeto de Aprendizaje;junio
64753078;Catedrático de Taller;junio
64753078;Catedrático de Taller;julio
64753078;Catedrático de Taller;agosto
7968512;Catedrático de Taller de Automotríz;julio
7968512;Catedrático de Taller de Automotríz;junio
7968512;Catedrático de Taller de Automotríz;agosto
12850437;Catedrático de Taller de Diseño;junio
12850437;Catedrático de Taller de Diseño;agosto
12850437;Catedrático de Taller de Diseño;julio
753750;Catedrático de Taller de Informática;junio
753750;Catedrático de Taller de Informática;agosto
753750;Catedrático de Taller de Informática;julio
28424218;Catedrático de Taller de Mecánica;junio
28424218;Catedrático de Taller de Mecánica;agosto
28424218;Catedrático de Taller de Mecánica;julio
1988129;Catedrático de Taller de Servicios Industriales;agosto
1988129;Catedrático de Taller de Servicios Industriales;junio
1988129;Catedrático de Taller de Servicios Industriales;julio
5996273;Catedrático de Taller Mecánica;julio
5996273;Catedrático de Taller Mecánica;junio
5996273;Catedrático de Taller Mecánica;agosto
19880477;Catedrático de Teatro;julio
19880477;Catedrático de Teatro;agosto
19880477;Catedrático de Teatro;junio
9580928;Catedrático de Técnicas de Educacion Bilingue;junio
9580928;Catedrático de Técnicas de Educacion Bilingue;julio
9580928;Catedrático de Técnicas de Educacion Bilingue;agosto
18196172;Catedrático de Técnicas Instrumentales;agosto
18196172;Catedrático de Técnicas Instrumentales;julio
17813906;Catedrático de Técnicas Instrumentales;junio
2055981;Catedrático de Tecnología;junio
2055981;Catedrático de Tecnología;julio
2055981;Catedrático de Tecnología;agosto
1448298;Catedrático de Tecnología Alimentaria;junio
1448298;Catedrático de Tecnología Alimentaria;julio
1448298;Catedrático de Tecnología Alimentaria;agosto
2927724;Catedrático de Tecnología Alternativa;junio
2927724;Catedrático de Tecnología Alternativa;julio
2927724;Catedrático de Tecnología Alternativa;agosto
2272359;Catedrático de Tecnología Alternativa - Industrias Alimentarias y Organicas;junio
2272359;Catedrático de Tecnología Alternativa - Industrias Alimentarias y Organicas;agosto
2272359;Catedrático de Tecnología Alternativa - Industrias Alimentarias y Organicas;julio
3671250;Catedrático de Tecnología Automotriz;agosto
3671250;Catedrático de Tecnología Automotriz;junio
3671250;Catedrático de Tecnología Automotriz;julio
2610169;Catedrático de Tecnología de la Energía;agosto
2610169;Catedrático de Tecnología de la Energía;julio
2610169;Catedrático de Tecnología de la Energía;junio
586354;Catedrático de Tecnología de los Materiales;julio
586354;Catedrático de Tecnología de los Materiales;agosto
586354;Catedrático de Tecnología de los Materiales;junio
6446663;Catedrático de Tecnología Mecánica;julio
6446663;Catedrático de Tecnología Mecánica;junio
6446663;Catedrático de Tecnología Mecánica;agosto
191133;Catedrático de Tecnología Textil;agosto
191133;Catedrático de Tecnología Textil;junio
191133;Catedrático de Tecnología Textil;julio
764532;Catedrático deTecnología y sus Energias ( Tecnología y Tecnología de la Energia);junio
764532;Catedrático deTecnología y sus Energias ( Tecnología y Tecnología de la Energia);agosto
764532;Catedrático deTecnología y sus Energias ( Tecnología y Tecnología de la Energia);julio
4989578;Catedrático de Teoría de la Educación Física;julio
4989578;Catedrático de Teoría de la Educación Física;agosto
4989578;Catedrático de Teoría de la Educación Física;junio
254553;Catedrático de Termodinamica;junio
254553;Catedrático de Termodinamica;agosto
254553;Catedrático de Termodinamica;julio
2493353;Catedrático de Topografía;julio
2302220;Catedrático de Topografía;junio
2493353;Catedrático de Topografía;agosto
4958455402;Catedrático de Trabajo y Tecnología;julio
4949678402;Catedrático de Trabajo y Tecnología;junio
4960666402;Catedrático de Trabajo y Tecnología;agosto
4842662;Catedrático de Turismo;julio
4842662;Catedrático de Turismo;junio
4842662;Catedrático de Turismo;agosto
126106259;Catedrático de Tutoria;junio
124327454;Catedrático de Tutoria;julio
123315997;Catedrático de Tutoria;agosto
18240552;CELADOR;agosto
18240552;CELADOR;julio
18240552;CELADOR;junio
73521528;CHOFER;julio
82368571;CHOFER;junio
71863296;CHOFER;agosto
335000;Ciencias de la Naturaleza y Salud I;julio
335000;Ciencias de la Naturaleza y Salud I;junio
335000;Ciencias de la Naturaleza y Salud I;agosto
14455250;Comunicacion Oral y Escrita;junio
14606000;Comunicacion Oral y Escrita;julio
14606000;Comunicacion Oral y Escrita;agosto
46241745;Contabilidad y Legislación Aplicada;junio
46322511;Contabilidad y Legislación Aplicada;julio
46322511;Contabilidad y Legislación Aplicada;agosto
1674982;CONTADOR;julio
1674982;CONTADOR;junio
1674982;CONTADOR;agosto
635027360;COORDINADOR;julio
628463008;COORDINADOR;agosto
649810065;COORDINADOR;junio
6230946;COORDINADOR/A ADMINISTRATIVO/A;junio
7889178;COORDINADOR/A ADMINISTRATIVO/A;julio
7889178;COORDINADOR/A ADMINISTRATIVO/A;agosto
4005968;Coordinador/a de Sedes Tutoriales de Educación Permanente;julio
4005968;Coordinador/a de Sedes Tutoriales de Educación Permanente;junio
4005968;Coordinador/a de Sedes Tutoriales de Educación Permanente;agosto
46095235;COORDINADOR AREA INFORMATICA;junio
46095235;COORDINADOR AREA INFORMATICA;julio
46095235;COORDINADOR AREA INFORMATICA;agosto
46203180;Coordinador/a Técnico Pedagógico de Educación Inclusiva;julio
44544948;Coordinador/a Técnico Pedagógico de Educación Inclusiva;agosto
46203180;Coordinador/a Técnico Pedagógico de Educación Inclusiva;junio
3316464;COORDINADOR DE ACEs;agosto
85586137;COORDINADOR DE AREA I;agosto
83040137;COORDINADOR DE AREA I;junio
83040137;COORDINADOR DE AREA I;julio
12071232;COORDINADOR DE AREA II;junio
12071232;COORDINADOR DE AREA II;julio
12097636;COORDINADOR DE AREA II;agosto
36481104;COORDINADOR DE AREA III;julio
36481104;COORDINADOR DE AREA III;junio
36481104;COORDINADOR DE AREA III;agosto
1658232;Coordinador de Educ. Indigena;agosto
1658232;Coordinador de Educ. Indigena;junio
1658232;Coordinador de Educ. Indigena;julio
4610000;COORDINADOR DEPARTAMENTAL;junio
8215000;COORDINADOR DEPARTAMENTAL;agosto
4610000;COORDINADOR DEPARTAMENTAL;julio
39698960;COORDINADOR DE PROYECTO;julio
39631960;COORDINADOR DE PROYECTO;agosto
43015424;COORDINADOR DE PROYECTO;junio
8257714;Coordinador de Sedes Tutoriales;junio
8257714;Coordinador de Sedes Tutoriales;agosto
8257714;Coordinador de Sedes Tutoriales;julio
29638112;COORDINADOR DE UDES;junio
29638112;COORDINADOR DE UDES;julio
29638112;COORDINADOR DE UDES;agosto
11269260;COORDINADOR DOCENTE;julio
9611028;COORDINADOR DOCENTE;agosto
12969260;COORDINADOR DOCENTE;junio
4799481;Coordinador Escuela Empresa;agosto
4799481;Coordinador Escuela Empresa;julio
4799481;Coordinador Escuela Empresa;junio
152848051;COORDINADOR PEDAGOGICO;julio
195034369;COORDINADOR PEDAGOGICO;agosto
145096751;COORDINADOR PEDAGOGICO;junio
180607376;COORDINADOR PEDAGOGICO I;agosto
183616160;COORDINADOR PEDAGOGICO I;junio
177949696;COORDINADOR PEDAGOGICO I;julio
7221700;COORDINADOR PEDAGOGICO II;junio
7221700;COORDINADOR PEDAGOGICO II;julio
7221700;COORDINADOR PEDAGOGICO II;agosto
1658232;COORDINADOR PEDAGOGICO III;agosto
1658232;COORDINADOR PEDAGOGICO III;junio
1658232;COORDINADOR PEDAGOGICO III;julio
18349320;Coordinador Psicopedagogico;julio
18349320;Coordinador Psicopedagogico;agosto
18349320;Coordinador Psicopedagogico;junio
30358270;Coordinador Técnico;junio
30358270;Coordinador Técnico;agosto
30358270;Coordinador Técnico;julio
183312803;COORDINADOR TECNICO I;agosto
185062803;COORDINADOR TECNICO I;junio
185062803;COORDINADOR TECNICO I;julio
18218536;COORDINADOR TECNICO II;julio
18218536;COORDINADOR TECNICO II;agosto
18218536;COORDINADOR TECNICO II;junio
3024479482;Coordinador Técnico Pedagógico;julio
3002387542;Coordinador Técnico Pedagógico;agosto
3032788930;Coordinador Técnico Pedagógico;junio
347212306;DIRECTOR;julio
347212306;DIRECTOR;junio
350313119;DIRECTOR;agosto
1090947;Director/a Docente de Centro de Educación Media para Personas Jóvenes y Adultas;agosto
2560974724;DIRECTOR DE AREA;junio
2554093724;DIRECTOR DE AREA;julio
2552435492;DIRECTOR DE AREA;agosto
50209542;Director de Centros (Recursos, Modelos y Formación Profesional) (Educación Permanente);agosto
51867774;Director de Centros (Recursos, Modelos y Formación Profesional) (Educación Permanente);julio
51867774;Director de Centros (Recursos, Modelos y Formación Profesional) (Educación Permanente);junio
1658232;Director de E.E.B. (3º ciclo);junio
1658232;Director de E.E.B. (3º ciclo);agosto
1658232;Director de E.E.B. (3º ciclo);julio
138684884;Director de Instituciones de Educación Media;agosto
138684884;Director de Instituciones de Educación Media;julio
138684884;Director de Instituciones de Educación Media;junio
2018000;Director de Turno de Instituciones de Enseñanza Media Diversificada;agosto
2018000;Director de Turno de Instituciones de Enseñanza Media Diversificada;junio
2018000;Director de Turno de Instituciones de Enseñanza Media Diversificada;julio
55411691;DIRECTOR GENERAL (ADMINISTRACION CENTRAL);julio
55411691;DIRECTOR GENERAL (ADMINISTRACION CENTRAL);agosto
62197451;DIRECTOR GENERAL (ADMINISTRACION CENTRAL);junio
81795000;DIRECTOR GRAL. I;junio
81795000;DIRECTOR GRAL. I;agosto
81795000;DIRECTOR GRAL. I;julio
12229200;DIRECTOR GRAL. II;junio
12229200;DIRECTOR GRAL. II;agosto
12229200;DIRECTOR GRAL. II;julio
5058727829;DIRECTOR I;agosto
5078858989;DIRECTOR I;julio
5108271829;DIRECTOR I;junio
5460742218;DIRECTOR II;julio
5491835450;DIRECTOR II;junio
5439792450;DIRECTOR II;agosto
20101800;DIRECTOR PEDAGOGICO I;agosto
20101800;DIRECTOR PEDAGOGICO I;junio
20101800;DIRECTOR PEDAGOGICO I;julio
13249000;DIRECTOR PEDAGOGICO II;julio
15898800;DIRECTOR PEDAGOGICO II;agosto
13249000;DIRECTOR PEDAGOGICO II;junio
56040483;DIRECTOR PEDAGOGICO III;junio
54339756;DIRECTOR PEDAGOGICO III;julio
54339756;DIRECTOR PEDAGOGICO III;agosto
8425690;DISEÑADOR GRAFICO;julio
8425690;DISEÑADOR GRAFICO;junio
8425690;DISEÑADOR GRAFICO;agosto
955665;Diseño, Proyecto y Presupuesto y Análisis de Productos;junio
955665;Diseño, Proyecto y Presupuesto y Análisis de Productos;julio
955665;Diseño, Proyecto y Presupuesto y Análisis de Productos;agosto
2871177;Diseño y Elaboración del Proyecto - Economía Ambiental;agosto
2871177;Diseño y Elaboración del Proyecto - Economía Ambiental;julio
2871177;Diseño y Elaboración del Proyecto - Economía Ambiental;junio
1349831237;Docente de Servicio de Apoyo;julio
1356464165;Docente de Servicio de Apoyo;junio
1334907149;Docente de Servicio de Apoyo;agosto
212864240;Docente Tecnico;julio
212864240;Docente Tecnico;junio
219497168;Docente Tecnico;agosto
311842084;DOCENTE TECNICO I;julio
312587620;DOCENTE TECNICO I;agosto
313500316;DOCENTE TECNICO I;junio
71303976;DOCENTE TECNICO II;agosto
72962208;DOCENTE TECNICO II;julio
72962208;DOCENTE TECNICO II;junio
79205754;DOCENTE TECNICO III;agosto
82613986;DOCENTE TECNICO III;junio
82613986;DOCENTE TECNICO III;julio
4974696;DOCENTE TECNICO NIVEL CENTRAL;junio
4974696;DOCENTE TECNICO NIVEL CENTRAL;agosto
4974696;DOCENTE TECNICO NIVEL CENTRAL;julio
3966132;DOCTOR;julio
3966132;DOCTOR;junio
3966132;DOCTOR;agosto
15275147;Economía Agropecuaría y Administración Rural;julio
15342147;Economía Agropecuaría y Administración Rural;agosto
14807933;Economía Agropecuaría y Administración Rural;junio
60257944;Educador Comunitario;julio
60257944;Educador Comunitario;junio
58599712;Educador Comunitario;agosto
2445500;Educador de Adulto 4to. Ciclo;agosto
3191592645;Educador de Adultos;agosto
3212806959;Educador de Adultos;julio
3221578158;Educador de Adultos;junio
13265856;Educador de Aula Hospitalaria;julio
13265856;Educador de Aula Hospitalaria;agosto
13265856;Educador de Aula Hospitalaria;junio
4974696;Educador de Servicio de Atención Temprana;julio
4974696;Educador de Servicio de Atención Temprana;junio
4974696;Educador de Servicio de Atención Temprana;agosto
3902814;ENCARGADO DE ACADEMIAS;agosto
3902814;ENCARGADO DE ACADEMIAS;junio
3902814;ENCARGADO DE ACADEMIAS;julio
12964875;ENCARGADO DE ARCHIVO;julio
16281339;ENCARGADO DE ARCHIVO;agosto
11306643;ENCARGADO DE ARCHIVO;junio
24672146;ENCARGADO DE BIENES Y PATRIMONIO;julio
24672146;ENCARGADO DE BIENES Y PATRIMONIO;agosto
24672146;ENCARGADO DE BIENES Y PATRIMONIO;junio
3316464;ENCARGADO DE DEPOSITO;julio
3316464;ENCARGADO DE DEPOSITO;agosto
3316464;ENCARGADO DE DEPOSITO;junio
1229775003;ENCARGADO DE DESPACHO;agosto
1230744468;ENCARGADO DE DESPACHO;julio
1224193057;ENCARGADO DE DESPACHO;junio
15176890;ENCARGADO DE DESPACHO (DIRECCION DE NIVEL);agosto
15176890;ENCARGADO DE DESPACHO (DIRECCION DE NIVEL);julio
15176890;ENCARGADO DE DESPACHO (DIRECCION DE NIVEL);junio
16893698;ENCARGADO DE DESPACHO (DIRECCION GENERAL);julio
14585798;ENCARGADO DE DESPACHO (DIRECCION GENERAL);agosto
16893698;ENCARGADO DE DESPACHO (DIRECCION GENERAL);junio
41832884;ENCARGADO DE DESPACHO (JEFATURA);junio
39655384;ENCARGADO DE DESPACHO (JEFATURA);agosto
39655384;ENCARGADO DE DESPACHO (JEFATURA);julio
181185681;ENCARGADO DE DESPACHO SUPERVISOR;junio
183296181;ENCARGADO DE DESPACHO SUPERVISOR;agosto
183296181;ENCARGADO DE DESPACHO SUPERVISOR;julio
105833595;ENCARGADO DE LABORATORIO;junio
106362562;ENCARGADO DE LABORATORIO;agosto
108108763;ENCARGADO DE LABORATORIO;julio
30457693;ENCARGADO DE LABORATORIO DE INFORMATICA;julio
30457693;ENCARGADO DE LABORATORIO DE INFORMATICA;junio
30457693;ENCARGADO DE LABORATORIO DE INFORMATICA;agosto
15044218;ENC. BANDALIZA/ DIRECTOR BANDA MUSICOS;agosto
15044218;ENC. BANDALIZA/ DIRECTOR BANDA MUSICOS;julio
16734218;ENC. BANDALIZA/ DIRECTOR BANDA MUSICOS;junio
23189801;Enfermería y Práctica;agosto
23189801;Enfermería y Práctica;junio
23189801;Enfermería y Práctica;julio
13276986;ENFERMERO/A;agosto
13276986;ENFERMERO/A;junio
13276986;ENFERMERO/A;julio
87484600;Evaluador Educacional;agosto
86646148;Evaluador Educacional;julio
86646148;Evaluador Educacional;junio
651729378;EVALUADOR I;julio
646370330;EVALUADOR I;agosto
651729378;EVALUADOR I;junio
40843551;EVALUADOR II;junio
40843551;EVALUADOR II;julio
45915999;EVALUADOR II;agosto
5493964;EVALUADOR III;julio
5493964;EVALUADOR III;junio
5493964;EVALUADOR III;agosto
2378500;Filosofia I;agosto
2378500;Filosofia I;junio
2378500;Filosofia I;julio
211878371;Filosofia Y Antrop. Social;agosto
212548371;Filosofia Y Antrop. Social;julio
212849871;Filosofia Y Antrop. Social;junio
21538220;FISCAL DE EDUCACION;agosto
21538220;FISCAL DE EDUCACION;julio
18138220;FISCAL DE EDUCACION;junio
22861585;FISCAL DE OBRAS;julio
22861585;FISCAL DE OBRAS;agosto
22861585;FISCAL DE OBRAS;junio
2144000;Física I;julio
2010000;Física I;agosto
2010000;Física I;junio
134000;Física II;agosto
134000;Física II;julio
134000;Física III;agosto
134000;Física III;julio
3316464;Fisioterapeuta;agosto
3316464;Fisioterapeuta;junio
3316464;Fisioterapeuta;julio
4974696;FOTOGRAFO/A;junio
4974696;FOTOGRAFO/A;agosto
4974696;FOTOGRAFO/A;julio
23623832;Fruticultura-silvicultura- horticultura;junio
23623832;Fruticultura-silvicultura- horticultura;julio
23623832;Fruticultura-silvicultura- horticultura;agosto
150750;GUIA DE MUSEO;julio
150750;GUIA DE MUSEO;agosto
150750;GUIA DE MUSEO;junio
753750;Historia y Geografia I;agosto
753750;Historia y Geografia I;julio
753750;Historia y Geografia I;junio
5192283;Instalaciones Electricas;julio
5192283;Instalaciones Electricas;agosto
5192283;Instalaciones Electricas;junio
7286294;Instalaciones Electricas (Dibujo Tecnico-Taller- Diseño, Proyecto y Presupuesto);agosto
6359054;Instalaciones Electricas (Dibujo Tecnico-Taller- Diseño, Proyecto y Presupuesto);junio
7286294;Instalaciones Electricas (Dibujo Tecnico-Taller- Diseño, Proyecto y Presupuesto);julio
2760810;Instalacion Industrial (Calculos Mecanicos);junio
2760810;Instalacion Industrial (Calculos Mecanicos);julio
2760810;Instalacion Industrial (Calculos Mecanicos);agosto
91934867;Instructor;junio
91934867;Instructor;julio
90276635;Instructor;agosto
8002087;Instructor de Electricidad;agosto
8002087;Instructor de Electricidad;junio
8002087;Instructor de Electricidad;julio
335533644;Instructor de Formación Docente;junio
333225744;Instructor de Formación Docente;agosto
333225744;Instructor de Formación Docente;julio
605968;Instructor de Formación Profesional (Familia Profesional: Informatica);agosto
605968;Instructor de Formación Profesional (Familia Profesional: Informatica);julio
605968;Instructor de Formación Profesional (Familia Profesional: Informatica);junio
78167408;Instructor de Formación Profesional Inicial (Familia Profesional: Artesanía);julio
78167408;Instructor de Formación Profesional Inicial (Familia Profesional: Artesanía);agosto
78167408;Instructor de Formación Profesional Inicial (Familia Profesional: Artesanía);junio
1658232;Instructor de Formación Profesional Inicial (Familia Profesional: Informática);agosto
31188176;INSTRUCTOR DE INGLES (ESCUELA DEL FUTURO);julio
31188176;INSTRUCTOR DE INGLES (ESCUELA DEL FUTURO);agosto
31188176;INSTRUCTOR DE INGLES (ESCUELA DEL FUTURO);junio
335140055;INSTRUCTOR LABORAL;agosto
335250876;INSTRUCTOR LABORAL;julio
336593073;INSTRUCTOR LABORAL;junio
181884526;Instructor Musical;julio
181884526;Instructor Musical;junio
181884526;Instructor Musical;agosto
17684036;INTENDENTE;junio
17684036;INTENDENTE;agosto
17684036;INTENDENTE;julio
180286910;Investigación Social y Estadística;julio
179683910;Investigación Social y Estadística;agosto
181174660;Investigación Social y Estadística;junio
5856756;JEFE DE CEREMONIAL Y PROTOCOLO;agosto
5856756;JEFE DE CEREMONIAL Y PROTOCOLO;julio
5856756;JEFE DE CEREMONIAL Y PROTOCOLO;junio
491070578;JEFE DE DEPARTAMENTO;junio
479584044;JEFE DE DEPARTAMENTO;agosto
486364644;JEFE DE DEPARTAMENTO;julio
32427694;Jefe de Disciplina;agosto
29362462;Jefe de Disciplina;junio
29362462;Jefe de Disciplina;julio
228948476;Jefe de Estudio y/o Profesor Guía;agosto
228948476;Jefe de Estudio y/o Profesor Guía;junio
230606708;Jefe de Estudio y/o Profesor Guía;julio
31280782;JEFE DE TALLER;agosto
31280782;JEFE DE TALLER;julio
31280782;JEFE DE TALLER;junio
4137214;JEFE MOVIM. PERS. (SUPERV);junio
4137214;JEFE MOVIM. PERS. (SUPERV);julio
4137214;JEFE MOVIM. PERS. (SUPERV);agosto
8401520;JUEZ ADMINISTRATIVO;agosto
8401520;JUEZ ADMINISTRATIVO;junio
8401520;JUEZ ADMINISTRATIVO;julio
5139354;Laboratorio de Electrotecnia (Electrotecnia-Laboratorio);junio
5588620;Laboratorio de Electrotecnia (Electrotecnia-Laboratorio);julio
5588620;Laboratorio de Electrotecnia (Electrotecnia-Laboratorio);agosto
2627093;Laboratorio y Tecnología;junio
2627093;Laboratorio y Tecnología;julio
2627093;Laboratorio y Tecnología;agosto
3237586;Laboratorio y Tecnología (Materiales y Tecnología de la Construcción y Laboratorio);junio
3237586;Laboratorio y Tecnología (Materiales y Tecnología de la Construcción y Laboratorio);julio
3237586;Laboratorio y Tecnología (Materiales y Tecnología de la Construcción y Laboratorio);agosto
4027537;Legislacion Amb.-evaluac. del Imp. Amb.;julio
4027537;Legislacion Amb.-evaluac. del Imp. Amb.;junio
4027537;Legislacion Amb.-evaluac. del Imp. Amb.;agosto
268000;Lengua Extranjera I;agosto
268000;Lengua Extranjera I;julio
268000;Lengua Extranjera I;junio
268000;Lengua Extranjera II;junio
268000;Lengua Extranjera II;agosto
268000;Lengua Extranjera II;julio
134000;Lengua Extranjera III;julio
134000;Lengua Extranjera III;agosto
134000;Lengua Extranjera III;junio
134000;Lengua Extranjera IV;julio
134000;Lengua Extranjera IV;agosto
134000;Lengua Extranjera IV;junio
2412000;Lengua y Literatura Castellana I;agosto
2412000;Lengua y Literatura Castellana I;junio
2412000;Lengua y Literatura Castellana I;julio
2227750;Lengua y Literatura Guarani I;agosto
2227750;Lengua y Literatura Guarani I;junio
2227750;Lengua y Literatura Guarani I;julio
1658250;Lógica Matemática;agosto
1507500;Lógica Matemática;junio
1658250;Lógica Matemática;julio
11256000;Lógica Matemática y Estadísticas;junio
11105250;Lógica Matemática y Estadísticas;julio
11105250;Lógica Matemática y Estadísticas;agosto
1474000;Maestra Parvularia;junio
1474000;Maestra Parvularia;agosto
1474000;Maestra Parvularia;julio
24873480;Maestro de Apoyo ó Maestro Integrador;agosto
16582320;Maestro de Apoyo ó Maestro Integrador;junio
21557016;Maestro de Apoyo ó Maestro Integrador;julio
392802199;Maestro de Grado;junio
384511039;Maestro de Grado;agosto
394460431;Maestro de Grado;julio
3316464;Maestro de Lengua 1º y 2º Ciclos;junio
3316464;Maestro de Lengua 1º y 2º Ciclos;julio
3316464;Maestro de Lengua 1º y 2º Ciclos;agosto
18240552;Maestro Integrador;junio
18240552;Maestro Integrador;julio
18240552;Maestro Integrador;agosto
3973410;Maquinarias,eq. E Implementos Agricolas;julio
3973410;Maquinarias,eq. E Implementos Agricolas;agosto
3973410;Maquinarias,eq. E Implementos Agricolas;junio
536000;Matemática I;agosto
536000;Matemática I;junio
536000;Matemática I;julio
21064996;MEDICO/A;agosto
21064996;MEDICO/A;julio
21064996;MEDICO/A;junio
3121565;MIEMBRO DEL COMITE;junio
3121565;MIEMBRO DEL COMITE;agosto
3121565;MIEMBRO DEL COMITE;julio
15213284;MIEMBRO DEL CONSEJO;junio
15213284;MIEMBRO DEL CONSEJO;agosto
15213284;MIEMBRO DEL CONSEJO;julio
3316464;MONITOR;agosto
3316464;MONITOR;junio
3316464;MONITOR;julio
150750;Musica I;agosto
26031165;ODONTOLOGO;junio
26031165;ODONTOLOGO;agosto
26031165;ODONTOLOGO;julio
25108867;OPERADOR DE COMPUTADORAS;agosto
25108867;OPERADOR DE COMPUTADORAS;julio
25108867;OPERADOR DE COMPUTADORAS;junio
333693611;Orientador;julio
337361313;Orientador;agosto
331374111;Orientador;junio
8134436;ORIENTADOR;junio
8134436;ORIENTADOR;julio
9710436;ORIENTADOR;agosto
60439878;ORIENTADOR EDUCACIONAL;junio
60439878;ORIENTADOR EDUCACIONAL;julio
64475878;ORIENTADOR EDUCACIONAL;agosto
2244482;Orientador Educacional y Vocacional;agosto
2244482;Orientador Educacional y Vocacional;julio
2244482;Orientador Educacional y Vocacional;junio
33807654;ORIENTADOR II;julio
33796524;ORIENTADOR II;agosto
33807654;ORIENTADOR II;junio
1658232;ORIENTADOR III;julio
1658232;ORIENTADOR III;junio
1658232;ORIENTADOR III;agosto
18056850;ORIENTADOR PEDAGOGICO;junio
18056850;ORIENTADOR PEDAGOGICO;julio
18056850;ORIENTADOR PEDAGOGICO;agosto
121145438;PERCEPTOR;julio
124461902;PERCEPTOR;junio
116738027;PERCEPTOR;agosto
402000;Política, Etica y Ciudadania I;agosto
402000;Política, Etica y Ciudadania I;julio
402000;Política, Etica y Ciudadania I;junio
3966132;PRODUCTOR DE TV;julio
3966132;PRODUCTOR DE TV;agosto
3966132;PRODUCTOR DE TV;junio
150750;PROFESIONAL II;agosto
150750;PROFESIONAL II;junio
150750;PROFESIONAL II;julio
84658943;PROFESOR;julio
96266567;PROFESOR;agosto
83000711;PROFESOR;junio
603000;Profesor Área Especial (Arte Elemental);julio
603000;Profesor Área Especial (Arte Elemental);agosto
603000;Profesor Área Especial (Arte Elemental);junio
102872361;PROFESOR AREA ESPECIAL I;agosto
101461154;PROFESOR AREA ESPECIAL I;junio
102115643;PROFESOR AREA ESPECIAL I;julio
1459674740;PROFESOR AREA ESPECIAL II;junio
1454261154;PROFESOR AREA ESPECIAL II;agosto
1456885494;PROFESOR AREA ESPECIAL II;julio
1658232;PROFESOR AREA ESPECIAL III;junio
1658232;PROFESOR AREA ESPECIAL III;agosto
1658232;PROFESOR AREA ESPECIAL III;julio
7522917;Profesor de Administración Familiar;julio
7522917;Profesor de Administración Familiar;agosto
7522917;Profesor de Administración Familiar;junio
1729579578;Profesor de Alfabetización (1º, 2º y 3º Ciclo EEB para Jóvenes y Adultos);agosto
1712584542;Profesor de Alfabetización (1º, 2º y 3º Ciclo EEB para Jóvenes y Adultos);junio
1703115231;Profesor de Alfabetización (1º, 2º y 3º Ciclo EEB para Jóvenes y Adultos);julio
39186660;Profesor de Alfabetización (4º Ciclo EEB para Jóvenes y Adultos);junio
41935839;Profesor de Alfabetización (4º Ciclo EEB para Jóvenes y Adultos);agosto
39186660;Profesor de Alfabetización (4º Ciclo EEB para Jóvenes y Adultos);julio
372922;Profesor de Áreas Especiales de Educación Especial;julio
372922;Profesor de Áreas Especiales de Educación Especial;junio
372922;Profesor de Áreas Especiales de Educación Especial;agosto
22762470;Profesor de Áreas Especiales - Educ. Artística, Educación Física, Trabajo y Tecnología;agosto
20882066;Profesor de Áreas Especiales - Educ. Artística, Educación Física, Trabajo y Tecnología;junio
20882066;Profesor de Áreas Especiales - Educ. Artística, Educación Física, Trabajo y Tecnología;julio
96451091;Profesor de Artes Industriales;agosto
100402091;Profesor de Artes Industriales;junio
100402091;Profesor de Artes Industriales;julio
43475899;Profesor de Corte y Confección;junio
43475899;Profesor de Corte y Confección;julio
43475899;Profesor de Corte y Confección;agosto
3886183;Profesor de Cosmetología;junio
3886183;Profesor de Cosmetología;agosto
3886183;Profesor de Cosmetología;julio
811806;Profesor de Educación para el Hogar;junio
811806;Profesor de Educación para el Hogar;agosto
811806;Profesor de Educación para el Hogar;julio
730724387;PROFESOR DE EDUC.ESPECIAL;junio
727052051;PROFESOR DE EDUC.ESPECIAL;agosto
728710283;PROFESOR DE EDUC.ESPECIAL;julio
11607624;Profesor de Grado (1º y 2º;julio
11607624;Profesor de Grado (1º y 2º;agosto
11607624;Profesor de Grado (1º y 2º;junio
90006354396;Profesor de Grado (1º y 2º ciclos);agosto
89900660394;Profesor de Grado (1º y 2º ciclos);junio
89815538215;Profesor de Grado (1º y 2º ciclos);julio
1215484056;Profesor de Grado (1º y 2º ciclos de la EEB);junio
1230575644;Profesor de Grado (1º y 2º ciclos de la EEB);agosto
1228749912;Profesor de Grado (1º y 2º ciclos de la EEB);julio
888545122;Profesor de Grado (Educación Inicial);julio
903469210;Profesor de Grado (Educación Inicial);agosto
876937498;Profesor de Grado (Educación Inicial);junio
53405094;Profesor de Jornada Completa de Formación Docente;julio
53405094;Profesor de Jornada Completa de Formación Docente;agosto
53405094;Profesor de Jornada Completa de Formación Docente;junio
1658232;Profesor de Macroeconomía;julio
1658232;Profesor de Macroeconomía;agosto
1658232;Profesor de Macroeconomía;junio
10444709;Profesor de Manicura - Pedicuro;agosto
10444709;Profesor de Manicura - Pedicuro;junio
10444709;Profesor de Manicura - Pedicuro;julio
110749971;Profesor de Manualidades;junio
107077635;Profesor de Manualidades;agosto
110749971;Profesor de Manualidades;julio
9981160;Profesor de Media Jornada y Jornada Completa (Educación Media);julio
9981160;Profesor de Media Jornada y Jornada Completa (Educación Media);junio
9981160;Profesor de Media Jornada y Jornada Completa (Educación Media);agosto
3316464;Profesor de Media Jornada y Jornada Completa (Formación Docente);agosto
3316464;Profesor de Media Jornada y Jornada Completa (Formación Docente);julio
3316464;Profesor de Media Jornada y Jornada Completa (Formación Docente);junio
3155049;Profesor de Pintura Artesanal;agosto
3155049;Profesor de Pintura Artesanal;julio
3155049;Profesor de Pintura Artesanal;junio
28189944;Profesor de Pre-Escolar;junio
28189944;Profesor de Pre-Escolar;julio
24873480;Profesor de Pre-Escolar;agosto
143429587;Profesor Guia;agosto
108651547;Profesor Guia;junio
119594499;Profesor Guia;julio
84322149;PROFESOR GUIA I;julio
80634787;PROFESOR GUIA I;junio
79347453;PROFESOR GUIA I;agosto
38139336;PROFESOR GUIA II;junio
41455800;PROFESOR GUIA II;agosto
41455800;PROFESOR GUIA II;julio
910316705;PROFESOR GUIA III;julio
904251062;PROFESOR GUIA III;agosto
913633169;PROFESOR GUIA III;junio
399913200;PROFESOR M.J. I;julio
397743600;PROFESOR M.J. I;agosto
401741500;PROFESOR M.J. I;junio
314384304;PROFESOR M.J. II;agosto
296919828;PROFESOR M.J. II;junio
302046404;PROFESOR M.J. II;julio
2769326736;PROFESOR M.J. III;julio
2754310880;PROFESOR M.J. III;agosto
2777764412;PROFESOR M.J. III;junio
102314486;PROFESOR POR AREA I;julio
102314486;PROFESOR POR AREA I;junio
98998022;PROFESOR POR AREA I;agosto
12217992;PROFESOR POR AREA II;agosto
10559760;PROFESOR POR AREA II;julio
10559760;PROFESOR POR AREA II;junio
50085978;Profesor por Área III;junio
48790521;Profesor por Área III;agosto
50085978;Profesor por Área III;julio
130719141;PROFESOR T.C. I;junio
134188541;PROFESOR T.C. I;julio
134188541;PROFESOR T.C. I;agosto
39252788;PROFESOR T.C. II;julio
41228288;PROFESOR T.C. II;junio
43203788;PROFESOR T.C. II;agosto
8583908;Proyecto y Dibujo Técnico;junio
8583908;Proyecto y Dibujo Técnico;julio
8583908;Proyecto y Dibujo Técnico;agosto
7177200;Psicología I;agosto
7177200;Psicología I;julio
7177200;Psicología I;junio
45097066;PSICOLOGO;junio
46755298;PSICOLOGO;agosto
45097066;PSICOLOGO;julio
3499798;Psicólogo Educacional;agosto
3499798;Psicólogo Educacional;junio
3499798;Psicólogo Educacional;julio
34055989;PSICOLOGO I;junio
34055989;PSICOLOGO I;julio
34055989;PSICOLOGO I;agosto
18623007;PSICOLOGO II;agosto
16922280;PSICOLOGO II;junio
18623007;PSICOLOGO II;julio
145155736;PSICOLOGO III;agosto
145155736;PSICOLOGO III;junio
145155736;PSICOLOGO III;julio
14345828;PSICOPEDAGOGO;junio
14345828;PSICOPEDAGOGO;agosto
14345828;PSICOPEDAGOGO;julio
4505750;Quimica I;agosto
4070250;Quimica I;junio
4505750;Quimica I;julio
150750;Química(Laboratorio);junio
150750;Química(Laboratorio);agosto
150750;Química(Laboratorio);julio
13093936;Salud Publica y Comunitaria;agosto
13093936;Salud Publica y Comunitaria;julio
13093936;Salud Publica y Comunitaria;junio
326065619;SECRETARIO/A;junio
341252199;SECRETARIO/A;julio
358884219;SECRETARIO/A;agosto
9766368;SECRETARIO/A II;julio
9766368;SECRETARIO/A II;junio
9766368;SECRETARIO/A II;agosto
355872;SECRETARIO/A III;agosto
355872;SECRETARIO/A III;junio
355872;SECRETARIO/A III;julio
6337128;SECRETARIO/A PRIVADO/ A;julio
11144342;SECRETARIO/A PRIVADO/ A;junio
6337128;SECRETARIO/A PRIVADO/ A;agosto
95770572;SECRETARIO GENERAL;julio
90643376;SECRETARIO GENERAL;agosto
102403500;SECRETARIO GENERAL;junio
391134746;SECRETARIO I;julio
395422764;SECRETARIO I;junio
384501818;SECRETARIO I;agosto
13588536;SERENO;junio
13588536;SERENO;agosto
13588536;SERENO;julio
488446858;SUPERVISOR;junio
482186048;SUPERVISOR;julio
471140316;SUPERVISOR;agosto
412332568;SUPERVISOR II;agosto
412332568;SUPERVISOR II;julio
415937568;SUPERVISOR II;junio
1210509;Taller de Mecánica (Taller de Mecánica y Seguridad e Higiene);junio
1210509;Taller de Mecánica (Taller de Mecánica y Seguridad e Higiene);julio
1210509;Taller de Mecánica (Taller de Mecánica y Seguridad e Higiene);agosto
6567591;Taller E Instalaciones;julio
6567591;Taller E Instalaciones;junio
6567591;Taller E Instalaciones;agosto
276081;Taller Mecanico;julio
276081;Taller Mecanico;agosto
276081;Taller Mecanico;junio
134000;Teatro I;julio
134000;Teatro I;junio
134000;Teatro I;agosto
1535918506;TECNICO;junio
1582154309;TECNICO;julio
1595737176;TECNICO;agosto
124420883;TECNICO AREA INFORMATICA;agosto
118407651;TECNICO AREA INFORMATICA;julio
118407651;TECNICO AREA INFORMATICA;junio
153158896;TECNICO DE UDES;junio
146401932;TECNICO DE UDES;agosto
153158896;TECNICO DE UDES;julio
33186934;TECNICO EDUCACION ESPECIAL;julio
33186934;TECNICO EDUCACION ESPECIAL;junio
33186934;TECNICO EDUCACION ESPECIAL;agosto
200729324;TECNICO EDUCACION INICIAL;junio
200729324;TECNICO EDUCACION INICIAL;agosto
200729324;TECNICO EDUCACION INICIAL;julio
186349795;TECNICO EDUCACION MEDIA;junio
183033331;TECNICO EDUCACION MEDIA;julio
183033331;TECNICO EDUCACION MEDIA;agosto
359207312;TECNICO E.E.B. 1º Y 2º CICLO;agosto
359207312;TECNICO E.E.B. 1º Y 2º CICLO;julio
363553759;TECNICO E.E.B. 1º Y 2º CICLO;junio
157152977;TECNICO E.E.B. 3er CICLO;julio
163969441;TECNICO E.E.B. 3er CICLO;junio
155863209;TECNICO E.E.B. 3er CICLO;agosto
84750716;TECNICO EJA;junio
84750716;TECNICO EJA;agosto
84750716;TECNICO EJA;julio
2485335074;TECNICO I;junio
2540330037;TECNICO I;agosto
2518199113;TECNICO I;julio
6342264;TECNICO II;julio
9700496;TECNICO II;junio
6342264;TECNICO II;agosto
1658232;TECNICO LENGUA MATERNA INDIGENA;agosto
1658232;TECNICO LENGUA MATERNA INDIGENA;julio
1658232;TECNICO LENGUA MATERNA INDIGENA;junio
1689011946;TECNICO PEDAGOGICO;julio
1695691988;TECNICO PEDAGOGICO;junio
1707907695;TECNICO PEDAGOGICO;agosto
3316464;TECNICO PROY. ESCUELA VIVA;julio
3316464;TECNICO PROY. ESCUELA VIVA;junio
3316464;TECNICO PROY. ESCUELA VIVA;agosto
3391625;Tecnología y Analisis de Alimentos (Tecnología Alimentaria y Bromatología);junio
3391625;Tecnología y Analisis de Alimentos (Tecnología Alimentaria y Bromatología);agosto
3391625;Tecnología y Analisis de Alimentos (Tecnología Alimentaria y Bromatología);julio
8679638;Teoría y Práctica De La Educación Física;agosto
8679638;Teoría y Práctica De La Educación Física;julio
8679638;Teoría y Práctica De La Educación Física;junio
8170117;Trabajador/a Social;julio
8170117;Trabajador/a Social;junio
8170117;Trabajador/a Social;agosto
81555577;TRABAJADOR SOCIAL I;julio
81555577;TRABAJADOR SOCIAL I;agosto
81555577;TRABAJADOR SOCIAL I;junio
5090988;TRABAJADOR SOCIAL II;junio
5090988;TRABAJADOR SOCIAL II;agosto
5090988;TRABAJADOR SOCIAL II;julio
4974696;TRABAJADOR SOCIAL III;junio
4974696;TRABAJADOR SOCIAL III;agosto
4974696;TRABAJADOR SOCIAL III;julio
5320010;Turismo y Ecoturismo;agosto
5320010;Turismo y Ecoturismo;julio
5320010;Turismo y Ecoturismo;junio
4140076;Tutora de Becarios;julio
4380261;Tutora de Becarios;junio
4140076;Tutora de Becarios;agosto
19162000;Tutor Área de Ciencias Básicas - EMA;junio
21674500;Tutor Área de Ciencias Básicas - EMA;agosto
20937500;Tutor Área de Ciencias Básicas - EMA;julio
20267500;Tutor Área de Ciencias Sociales - EMA;junio
21741500;Tutor Área de Ciencias Sociales - EMA;julio
22478500;Tutor Área de Ciencias Sociales - EMA;agosto
21373000;Tutor Área de Comunicación (Castellana) - EMA;junio
23584000;Tutor Área de Comunicación (Castellana) - EMA;agosto
22847000;Tutor Área de Comunicación (Castellana) - EMA;julio
21373000;Tutor Área de Matemática - EMA;agosto
19899000;Tutor Área de Matemática - EMA;junio
20267500;Tutor Área de Matemática - EMA;julio
2177500;Tutor Catedrático de la Educ Media para Jóvenes y Adultas (Castellano - Guaraní);agosto
3316464;Tutor Catedrático de la Educ Media para Jóvenes y Adultas (Medio Natural);julio
3316464;Tutor Catedrático de la Educ Media para Jóvenes y Adultas (Medio Natural);junio
3316464;Tutor Catedrático de la Educ Media para Jóvenes y Adultas (Medio Natural);agosto
12370628;VERIFICADOR DE INGRESOS DE RECURSOS;agosto
12370628;VERIFICADOR DE INGRESOS DE RECURSOS;julio
10652340;VERIFICADOR DE INGRESOS DE RECURSOS;junio
18549392;Vicedirector en Educación Inicial y EEB;junio
18549392;Vicedirector en Educación Inicial y EEB;julio
15049392;Vicedirector en Educación Inicial y EEB;agosto
3042149085;VICE DIRECTOR I;julio
3023883229;VICE DIRECTOR I;agosto
3042023781;VICE DIRECTOR I;junio
27250000;VICE DIRECTOR II;junio
23850000;VICE DIRECTOR II;agosto
23850000;VICE DIRECTOR II;julio
1658232;VICE-MINISTRO;junio
1658232;VICE-MINISTRO;agosto
1658232;VICE-MINISTRO;julio
